ID,Name,Year
0,"Norbit ",2007
1,"13 Hours: The Secret Soldiers of Benghazi ",2016
2,"90 Minutes in Heaven ",2015
3,"99 Homes ",2015
4,"A Beautiful Mind ",2001
5,"A Million Ways to Die in the West ",2014
6,"A Most Wanted Man ",2014
7,"Ace Ventura Pet Detective ",1994
8,"Ace Ventura When Nature Calls ",1995
9,"Airplane! ",1980
10,"Almost Christmas ",2016
11,"Alvin and the Chipmunks ",2007
12,"American Beauty ",1999
13,"American Sniper ",2014
14,"An Unfinished Life ",2005
15,"Ant-Man ",2015
16,"Arrival ",2016
17,"Assassination Classroom ",2015
18,"Babylon A.D. ",2008
19,"Back to the Future ",1985
20,"Back to the Future Part II ",1989
21,"Back to the Future Part III ",1990
22,"Batman Bad Blood ",2016
23,"Batman Gotham Knight ",2008
24,"Batman The Dark Knight Returns Deluxe Edition ",2013
25,"Batman v Superman: Dawn of Justice ",2016
26,"Batman: The Killing Joke ",2016
27,"Victor Frankenstein ",2015
28,"Video Games The Movie ",2014
29,"Walking Tall ",2004
30,"War Room ",2015
31,"Warcraft ",2016
32,"Warcraft_HD ",2016
33,"Weekend at Bernies ",1989
34,"What Dreams May Come ",1998
35,"What Maisie Knew ",2012
36,"What Women Want ",2000
37,"Whats Eating Gilbert Grape ",1993
38,"Whiplash ",2014
39,"The Rescuers Down Under ",1990
40,"The Revenant ",2015
41,"The Rewrite ",2014
42,"The Royal Tenenbaums ",2001
43,"The Siege ",1998
44,"The Sixth Sense ",1999
45,"The Sorcerers Apprentice ",2010
46,"The Switch ",2010
47,"The Terminal ",2004
48,"The Theory of Everything ",2014
49,"The Time Travelers Wife ",2009
50,"The Untouchables ",1987
51,"The Watsons Go to Birmingham ",2013
52,"The Wolf of Wall Street ",2013
53,"The Golden Compass ",2007
54,"The Grand Budapest Hotel ",2014
55,"The Green Mile ",1999
56,"The Hateful Eight ",2015
57,"The Haunted Mansion ",2003
58,"The Hobbit The Battle of the Five Armies ",2014
59,"That Awkward Moment ",2014
60,"The 13th Warrior ",1999
61,"The 33 ",2015
62,"The Basketball Diaries ",1995
63,"The Big Short ",2015
64,"Bean ",1997
65,"Cloud Atlas ",2012
66,"Dracula Untold ",2014
67,"Gattaca ",1997
68,"Interstellar ",2014
69,"Marley & Me ",2008
70,"Shanghai Noon ",2000
71,"Sherlock Holmes ",2009
72,"Sherlock Holmes A Game of Shadows ",2011
73,"Sicario ",2015
74,"Slow West ",2015
75,"Slumdog Millionaire ",2008
76,"Beasts of No Nation ",2015
77,"Beverly Hills Cop ",1984
78,"Big Hero 6 ",2014
79,"Birdman ",2014
80,"Black Mass ",2015
81,"Blackhat ",2015
82,"Blended ",2014
83,"Boyz n the Hood ",1991
84,"Braveheart ",1995
85,"Brick Mansions ",2014
86,"Bridge to Terabithia ",2007
87,"Bulletproof Monk ",2003
88,"Captain America: Civil War ",2016
89,"Central Intelligence ",2016
90,"Chappie ",2015
91,"Cinderella ",2015
92,"Cinderella Man ",2005
93,"Cloudy with a Chance of Meatballs ",2009
94,"Cloudy with a Chance of Meatballs 2 ",2013
95,"Conan the Barbarian ",1982
96,"Concussion ",2015
97,"Creed ",2015
98,"Dantes Peak ",1997
99,"Dawn of the Planet of the Apes ",2014
100,"Deadpool ",2016
101,"Deep Impact ",1998
102,"Delivery Man ",2013
103,"Doctor Strange ",2007
104,"Dog Day Afternoon ",1975
105,"Dope ",2015
106,"Drive ",2011
107,"Dumb and Dumber To ",2014
108,"Ex Machina ",2015
109,"Exodus Gods and Kings ",2014
110,"Eye in the Sky ",2015
111,"Fantastic 4 Rise of the Silver Surfer ",2007
112,"Fantastic Four ",2005
113,"Field of Dreams ",1989
114,"Fight Club ",1999
115,"Filth ",2013
116,"Finding Dory ",2016
117,"Focus ",2015
118,"Frozen ",2013
119,"Fury ",2014
120,"Ghost in the Shell The New Movie - 01 - Complete"," Movie"
121,"Goal! The Dream Begins ",2005
122,"Gods Country ",2012
123,"Gods Not Dead ",2014
124,"Goodfellas ",1990
125,"Grave of the Fireflies ",1988
126,"Hardcore Henry ",2015
127,"Heaven Is for Real ",2014
128,"Hell or High Water ",2016
129,"Her ",2013
130,"Home ",2015
131,"Homefront ",2013
132,"Hook ",1991
133,"Horrible Bosses ",2011
134,"Horrible Bosses 2 ",2014
135,"I Am David ",2003
136,"In the Heart of the Sea ",2015
137,"Independence Day Resurgence ",2016
138,"Indiana Jones and the Last Crusade ",1989
139,"Indiana Jones and the Temple of Doom ",1984
140,"Inferno ",2016
141,"Inside Man ",2006
142,"Inside Out ",2015
143,"Into the Wild ",2007
144,"Joe ",2013
145,"John Wick ",2014
146,"Jurassic Park ",1993
147,"Jurassic Park III ",2001
148,"Just Before I Go ",2014
149,"Kingsman The Secret Service ",2015
150,"Kubo and the Two Strings ",2016
151,"Kung Fu Panda ",2008
152,"Kung Fu Panda 3 ",2016
153,"Labor Day ",2013
154,"Legend ",2015
155,"Lilo & Stitch ",2002
156,"Love Actually ",2003
157,"Mad Max ",1979
158,"Mad Max 2 The Road Warrior ",1981
159,"Mad Max Beyond Thunderdome ",1985
160,"Mandela Long Walk to Freedom ",2013
161,"Matchstick Men ",2003
162,"Maze Runner The Scorch Trials ",2015
163,"Men of Honor ",2000
164,"Million Dollar Baby ",2004
165,"Miss Peregrines Home for Peculiar Children ",2016
166,"Mission Impossible â€“ Rogue Nation ",2015
167,"Mississippi Grind ",2015
168,"Molly Maxwell ",2013
169,"Monster House ",2006
170,"Mortal Kombat Annihilation ",1997
171,"Mr. Beans Holiday ",2007
172,"Mr. Holmes ",2015
173,"Munich ",2005
174,"Muppets Most Wanted ",2014
175,"Next ",2007
176,"Night at the Museum ",2006
177,"Night at the Museum Secret of the Tomb ",2014
178,"Nightcrawler ",2014
179,"Penguins of Madagascar ",2014
180,"Pitch Black ",2000
181,"Princess Mononoke ",1997
182,"Pulp Fiction ",1994
183,"Rage ",2014
184,"Ratchet & Clank ",2016
185,"RED ",2010
186,"Requiem for a Dream ",2000
187,"Riddick ",2013
188,"Ride Along 2 ",2016
189,"Rio 2 ",2014
190,"Room ",2015
191,"Run All Night ",2015
192,"Runner Runner ",2013
193,"Rush Hour 2 ",2001
194,"Scarface ",1983
195,"Schindlers List ",1993
196,"Se7en ",1995
197,"Seabiscuit ",2003
198,"Seal Team Eight Behind Enemy Lines ",2014
199,"Secret Window ",2004
200,"Son of God ",2014
201,"Song of the Sea ",2014
202,"Soul Surfer ",2011
203,"Spectre ",2015
204,"Spirited Away ",2001
205,"Spotlight ",2015
206,"Star Trek Beyond ",2016
207,"Star Wars The Force Awakens ",2015
208,"Steve Jobs ",2015
209,"Straight Outta Compton ",2015
210,"Suicide Squad ",2016
211,"Swiss Army Man ",2016
212,"Sword of the Stranger ",2007
213,"Taken 3 ",2015
214,"Takers ",2010
215,"Taxi ",2004
216,"Taxi Driver ",1976
217,"Teenage Mutant Ninja Turtles ",2014
218,"The Counselor ",2013
219,"The Da Vinci Code ",2006
220,"The Dark ",2006
221,"The Emperors New Groove ",2000
222,"The Expendables 2 ",2012
223,"The Boondock Saints II All Saints Day ",2009
224,"The Breakfast Club ",1985
225,"The Bridges of Madison County ",1995
226,"The Butler ",2013
227,"The Captive ",2014
228,"The Challenger ",2013
229,"The Chronicles of Riddick ",2004
230,"The Game ",1997
231,"The Game Plan ",2007
232,"The Ghost Writer ",2010
233,"The Girl with the Dragon Tattoo ",2011
234,"The Illusionist ",2006
235,"The Imitation Game ",2014
236,"The Insider ",1999
237,"The Intern ",2015
238,"The Invisible Woman ",2013
239,"The Jackal ",1997
240,"The Jungle Book ",2016
241,"The Legend of Tarzan ",2016
242,"The Legend of Zorro ",2005
243,"The Little Prince ",2015
244,"The Lobster ",2015
245,"Rain Man ",1988
246,"Shanghai Knights ",2003
247,"Snowpiercer ",2013
248,"Stay ",2005
249,"Terminator Genisys ",2015
250,"The Boondock Saints ",1999
251,"The Chronicles of Riddick Dark Fury ",2004
252,"The Fifth Estate ",2013
253,"The Giver ",2014
254,"The Hobbit The Desolation of Smaug ",2013
255,"The Loft ",2014
256,"The Purge ",2013
257,"The Words ",2012
258,"Varsity Blues ",1999
259,"Why Stop Now ",2012
260,"The Longest Ride ",2015
261,"The Lost World Jurassic Park ",1997
262,"The Man from Earth ",2007
263,"The Man from U.N.C.L.E. ",2015
264,"The Man Who Knew Infinity ",2016
265,"The Martian ",2015
266,"The Monuments Men ",2014
267,"The Nice Guys ",2016
268,"The Notebook ",2004
269,"The Peanuts Movie ",2015
270,"The Physician ",2013
271,"The Pianist ",2002
272,"The Place Beyond the Pines ",2013
273,"The Place Promised in Our Early Da","ys Dub"
274,"The Prince ",2014
275,"The Princess Bride ",1987
276,"The Princess Diaries ",2001
277,"The Princess Diaries 2 Royal Engagement ",2004
278,"Tracers ",2015
279,"Tropic Thunder ",2008
280,"Trumbo ",2015
281,"Turbo ",2013
282,"Twice Born ",2012
283,"Unconditional ",2012
284,"Undefeated ",2011
285,"V for Vendetta ",2005
286,"Van Helsing ",2004
287,"Winters Tale ",2014
288,"Without a Paddle Natures Calling ",2009
289,"Wolf Children ",2012
290,"World Trade Center ",2006
291,"X-Men: Apocalypse ",2016
292,"You Got Served Beat the World ",2011
293,"You May Not Kiss the Bride ",2011
294,"Zootopia ",2016
295,"Zulu ",2013
